منطقه,قیمت میانه هر متر (۱۴۰۰),قیمت میانه هر متر (۱۴۰۲),رشد قیمت (٪),تعداد آگهی ۲۰۲۱,تعداد آگهی ۲۰۲۳
ابن بابویه,14971264,46153846,208.3,26,23
مولوی,10976190,33717949,207.2,220,89
شهرک کوهسار,31307781,94545455,202.0,24,43
زاهد گیلانی,18253080,54651163,199.4,28,15
هفت چنار,17156334,51190476,198.4,116,209
سلامت,16427966,48810190,197.1,46,36
سلیمانی,16531676,48540073,193.6,154,214
امامزاده حسن(ع),14828460,43103448,190.7,92,117
سلسبیل,19111111,55428571,190.0,1405,1459
ائمه اطهار,23188406,67045455,189.1,39,29
نواب,15185185,43846154,188.7,931,457
هاشم آباد,12396628,35732143,188.2,90,40
خواجه نظام الملک,20754717,59459459,186.5,257,163
شهرک ولیعصر,15819672,45250000,186.0,532,323
بریانک,17042254,48560000,184.9,1640,875
امیریه,16046512,45683230,184.7,481,214
خلیج فارس,14253968,40525810,184.3,242,110
بهداشت,17662500,50153846,184.0,24,20
آذری,14971264,42465753,183.6,212,219
شهید بروجردی,14117647,40000000,183.3,17,15
مبارک آباد بهشتی,9200000,26000000,182.6,165,445
هاشمی,20192308,56942551,182.0,253,268
شهرک کیانشهر,14500000,40853846,181.8,209,86
آشتیانی,27777778,78149766,181.3,25,18
ارامنه,20909091,58793911,181.2,89,62
صفائیه (چشمه علی),15958955,44602273,179.5,28,16
فلاح,14714286,41000000,178.6,935,307
کوی هفدهم شهریور,14055556,39109453,178.2,32,22
بلورسازی,16166667,44961538,178.1,93,54
جهاد,35475386,98620690,178.0,22,19
گلچین,16300000,45312500,178.0,15,16
جوادیه,14428571,40000000,177.2,207,80
خزانه,14181818,39276119,176.9,131,58
جیحون,20000000,55357143,176.8,2975,2236
زمزم,13018868,36000000,176.5,125,55
گرگان,21000000,58038462,176.4,191,92
مسعودیه,15000000,41428571,176.2,311,177
تهرانپارس شرقی,23892308,65671642,174.9,1133,573
شهرک شریعتی,17066145,46875000,174.7,226,89
قیام دشت,8666667,23750000,174.0,41,17
صفا,17857143,48779762,173.2,47,44
جی,17612788,48039216,172.8,1010,619
تهران سر,23333333,63537579,172.3,891,932
شهید دستغیب,20270270,55147059,172.1,45,64
خاوران,13821429,37600000,172.0,148,145
دولتخواه,12156172,33000000,171.5,66,31
دولت آباد,16000000,43269231,170.4,343,155
زهتابی,13400000,36206897,170.2,47,21
اسکندری,20801282,56140351,169.9,142,105
آبشار,19177419,51666667,169.4,84,57
مخصوص,17727273,47748656,169.4,114,70
تولید دارو,17464286,46978261,169.0,122,70
پلیس,26443627,71052632,168.7,214,177
یافت آباد,12340426,33125000,168.4,332,131
سبلان,21219512,56944444,168.4,451,251
بیسیم,13618182,36507937,168.1,28,17
عبدل آباد,13750000,36818182,167.8,59,35
امام حسین(ع),18277778,48909091,167.6,100,25
طیب,13968254,37284167,166.9,83,74
یاخچی آباد,18000000,47966102,166.5,85,23
مشیریه,15000000,39886364,165.9,277,86
خانی آباد,14339623,38090909,165.6,93,46
لشکر,21465517,56770154,164.5,50,38
بهارستان,18944444,50000000,163.9,66,17
سازمان آب,32222222,85000000,163.8,137,262
زرکش,23760659,62678571,163.8,54,28
نظام آباد,20754717,54629630,163.2,303,139
استاد معین,22727273,59658565,162.5,1834,1146
شهرک فردوس,16332512,42857143,162.4,86,41
سنگلج,13763636,36111111,162.4,66,65
زنجان,23877513,62500000,161.8,128,235
منصوریه (پل سیمان),16805556,43958333,161.6,27,30
کوی بیمه,31666667,82785560,161.4,155,102
دولاب,16926451,44230769,161.3,60,51
گمرک,15000000,39128788,160.9,246,154
استخر,26000000,67796610,160.8,145,89
سیزده آبان,13793103,35869565,160.1,67,25
جمهوری,23500000,60999104,159.6,163,106
شوش,13000000,33695652,159.2,118,55
آذربایجان,22983615,59482759,158.8,984,832
پونک,37323944,96495614,158.5,6239,4588
ابوذر (منطقه ۱۵),22685440,58600000,158.3,264,217
جنت آباد جنوبی,36000000,92935235,158.2,2554,1846
شیوا,18750000,48342105,157.8,49,20
شهادت,15874356,40909091,157.7,26,15
نبی اکرم(ص),23924051,61575758,157.4,21,18
شهر زیبا,31182796,80000000,156.6,1993,1042
وحیدیه,21000000,53846154,156.4,191,125
نارمک,32733499,83922328,156.4,1120,848
شهرک آزادی,25371951,65047170,156.4,52,20
سرآسیاب مهرآباد,19157801,49065421,156.1,22,33
عباس آباد,38000000,97297297,156.0,121,175
هوانیروز,27368421,70000000,155.8,61,83
شهران جنوبی,34142157,87254902,155.6,1290,748
پیروزی,22250000,56862745,155.6,1597,577
شهرک نفت (منطقه ۵),37313433,95285714,155.4,197,285
تاکسیرانی,20294118,51807229,155.3,25,15
ارم,34848485,88907895,155.1,237,306
ایران,27013514,68840580,154.8,56,51
خواجه نصیر طوسی,23571429,60000000,154.5,83,74
جوادیه تهرانپارس,20438540,51991422,154.4,84,72
باغ فیض,34736842,88333333,154.3,936,1293
اتابک,13764706,35000000,154.3,203,71
شادآباد,14803226,37576531,153.8,146,110
آهنگ,20561975,52173913,153.7,450,247
منیریه,23076923,58513576,153.6,282,216
دروازه شمیران,22086957,56000000,153.5,118,120
شیخ هادی,22473958,56944444,153.4,66,35
کاروان,13333333,33730769,153.0,99,66
افسریه,19699231,49799928,152.8,510,200
خانی آباد نو,17574747,44422222,152.8,202,56
وصفنارد,13000000,32824160,152.5,50,28
مهرآباد جنوبی,18828006,47467949,152.1,246,142
شهرک پرواز,34093647,85906464,152.0,134,256
شارق شرقی,22500000,56625000,151.7,33,40
چهارصد دستگاه,19538462,49152778,151.6,75,52
تهرانپارس غربی,32163383,80788656,151.2,1244,1312
شهران شمالی,34013889,85365854,151.0,1148,793
عارف,20000000,50000000,150.0,51,45
شمیران نو,12000000,30000000,150.0,143,25
نازی آباد,20000000,50000000,150.0,312,124
طوس,24712644,61760155,149.9,147,78
شبیری,17509119,43719660,149.7,46,26
سازمان برنامه,36000000,89829282,149.5,1364,1736
کوی فردوس,35000000,87323944,149.5,5234,2567
دردشت,30475522,75909392,149.1,78,48
کوی مهران,38084239,94723086,148.7,146,184
مینا,20408163,50666667,148.3,59,37
میدان ولیعصر,31176471,77333333,148.1,97,90
دهقان,24747475,61372549,148.0,23,16
جنت آباد مرکزی,37222222,92236074,147.8,3056,1826
طرشت,30454545,75446571,147.7,349,272
شهرک شهید باقری,24705882,61084337,147.2,161,91
شکوفه,20000000,49418605,147.1,99,64
نیرو هوایی,30311090,74829932,146.9,488,383
مجیدیه,27586207,68090909,146.8,447,156
پرستار,27777778,68505835,146.6,99,110
دیلمان,19500000,48029126,146.3,117,214
جوانمرد قصاب,14595037,35882353,145.9,66,29
اباذر,39682540,97426471,145.5,485,863
گیشا (کوی نصر),55000000,134482759,144.5,587,933
جنت آباد شمالی,34744246,84929453,144.4,1242,872
دانشگاه علم و صنعت,27829787,68000000,144.3,102,56
شاهین,38302469,93535714,144.2,192,242
صاحب الزمان,20476190,50000000,144.2,29,31
نارمک جنوبی,29518072,72065574,144.1,167,76
شریف,22549020,55042373,144.1,43,102
توحید,32926829,80188679,143.5,83,155
شهرک نفت (منطقه ۱),44054054,107142857,143.2,87,75
المهدی,35000000,84965753,142.8,61,250
مینابی,14448381,35021368,142.4,54,18
شادمهر,32320153,78218816,142.0,212,166
اوقاف,24812457,60000000,141.8,290,104
کرمان,27000000,65151515,141.3,207,125
ظهیرآباد,15755698,38000000,141.2,34,45
هفت حوض,37500000,90277778,140.7,73,105
امیر بهادر,18920290,45459770,140.3,114,58
شمشیری,19354839,46491228,140.2,31,17
صادقیه,36000000,86352339,139.9,1140,420
قنات کوثر,32967033,78947368,139.5,85,61
میدان حر,20976190,50000000,138.4,112,65
کوثر,15894737,37864742,138.2,40,30
جلفا,42134595,100000000,137.3,156,184
لویزان,33452381,79336842,137.2,92,48
بهار,32652778,77419355,137.1,218,306
سنایی,42000000,99581138,137.1,83,112
سهروردی,40769231,96609195,137.0,947,1186
نیلوفر,50000000,118333333,136.7,62,205
میدان انقلاب,24259029,57377049,136.5,52,41
ستارخان,34558824,81733333,136.5,1211,1141
باغ خزانه,18358209,43396226,136.4,61,63
امامت,26160038,61797753,136.2,58,29
مرزداران,47568506,112365591,136.2,1422,1625
فیروزآبادی,20000000,47178060,135.9,25,94
تسلیحات,24102564,56833333,135.8,118,64
دزاشیب,57272727,135034965,135.8,187,226
مدائن,37000000,86972477,135.1,33,59
شیان,42105263,98955500,135.0,109,120
دبستان,32071429,75235849,134.6,134,64
جمال زاده,29240506,68571429,134.5,163,89
شریف آباد,6801948,15929204,134.2,40,23
فدک,31884058,74666667,134.2,57,35
کاظم آباد,37609649,88000000,134.0,60,51
صد دستگاه,25000000,58494152,134.0,31,28
حمزه آباد,18441176,43137255,133.9,34,31
تهران نو,26500000,61980392,133.9,301,162
دریان نو,36500000,84897260,132.6,211,190
حکیمیه,31000000,71989011,132.2,427,292
بهجت آباد,38805970,90000000,131.9,59,60
شمس آباد,37411765,86666667,131.7,587,567
وردآورد,18181818,42000000,131.0,243,379
مجیدآباد,30508475,70433071,130.9,49,42
امامزاده قاسم,62962963,145185253,130.6,25,72
امیرآباد,46583333,107200000,130.1,434,473
شهرآرا,41935484,96428571,129.9,249,259
سعادت آباد,61428571,141176471,129.8,5631,3531
ازگل,50000000,114427861,128.9,324,379
شهرک ژاندارمری,52066351,119000000,128.6,58,89
دکتر هوشیار,28260870,64580420,128.5,261,284
سرو آزاد,26000000,58898305,126.5,97,384
آبشار تهران,25510204,57746479,126.4,143,225
حشمتیه,28000000,63333333,126.2,165,79
بلوار کشاورز,36324619,82119205,126.1,118,95
سیدخندان,42559289,95896465,125.3,370,406
خاک سفید,16388889,36923077,125.3,41,17
حسین آباد,47614778,107272727,125.3,50,96
علی آباد,13888889,31250000,125.0,105,17
آرژانتین,37804878,85000000,124.8,46,48
ابراهیم آباد,12500000,28100000,124.8,27,16
دانشگاه شریف,30600000,68551598,124.0,35,34
هروی,49180328,110000000,123.7,1260,1628
قیام,18253968,40731707,123.1,53,35
قاسم آباد,27500000,61224490,122.6,33,19
اکباتان,37878788,84222065,122.3,137,38
قبا,59500000,132087227,122.0,56,106
تهران ویلا,43527440,96428571,121.5,106,113
شهرک محلاتی,44448980,98229167,121.0,86,50
زیبادشت,30000000,66086957,120.3,27,37
دریا,61538462,135538546,120.3,61,68
فاطمی,41022388,90285714,120.1,306,202
زعفرانیه,86956522,190742608,119.4,1023,1670
ایرانشهر,32000000,70000000,118.8,77,48
شهرک راه آهن,34287467,75000000,118.7,494,903
امانیه,61764706,135000000,118.6,31,96
ولنجک,83834925,181818182,116.9,854,1272
یوسف آباد,50371793,108870968,116.1,1222,879
دریاچه شهدای خلیج فارس,28494624,61052632,114.3,1424,2867
توانیر,48369565,103571429,114.1,66,87
کوهک,34000000,72727273,113.9,340,549
دروس,70526316,150000000,112.7,757,1263
شهرک صدرا,28571429,60681467,112.4,34,34
الهیه,85000000,180000000,111.8,926,1206
سوهانک,47126437,99224620,110.5,193,236
شهرک دانشگاه تهران,15446078,32467532,110.2,22,29
اختیاریه,56470588,118604651,110.0,635,831
سعیدآباد,10000000,21000000,110.0,30,47
کامرانیه,78886693,165426829,109.7,286,450
جردن,56000000,117409218,109.7,862,1006
تجریش,60777778,127272727,109.4,144,103
زرگنده,48000000,100000000,108.3,59,55
حکمت,65000000,134954751,107.6,65,146
ظفر,53463735,110986263,107.6,546,690
نصرت,33431373,69230769,107.1,38,51
آسمان,53196721,110000000,106.8,39,43
میرداماد,57000000,117778753,106.6,655,1214
قلهک,52539999,108545455,106.6,312,220
اراج,50384615,103030303,104.5,74,93
آجودانیه,70000000,142857143,104.1,506,341
ونک,54019608,110241841,104.1,360,442
پاسداران,61297297,125000000,103.9,1586,2113
گاندی,42130409,85886438,103.9,46,26
ایوانک,71470588,145454545,103.5,20,19
سپهر,59310345,120000000,102.3,38,58
قیطریه,64285714,130000000,102.2,1873,1708
محمودیه,84349662,170451988,102.1,224,284
کاشانک,65020000,131385281,102.1,46,74
دارآباد,48360215,97704876,102.0,180,110
چیذر,56521739,114035088,101.8,37,55
شهرک امید,51769231,104272152,101.4,22,22
پاتریس لومومبا,42000000,84229188,100.5,62,130
اقدسیه,75000000,150000000,100.0,725,660
باغ فردوس,73000000,145833333,99.8,27,35
کن,18333333,36607143,99.7,73,33
کوی فراز,60097087,119565217,99.0,40,39
فرمانیه,78787879,156250000,98.3,1520,1522
شهرک غرب,67265549,133333333,98.2,1676,971
نیاوران,78985507,156031130,97.5,1985,1848
درب دوم,60909091,120000000,97.0,73,72
دهکده المپیک,31785714,61725421,94.2,313,406
جماران,67679487,125976662,86.1,28,52
نعمت آباد,12000000,22275862,85.6,55,20
دربند,60000000,110405405,84.0,93,80
درکه,64545455,118309859,83.3,86,101
اوین,55192308,100000000,81.2,56,34
گلاب دره,23885057,42640693,78.5,18,20
شیرازی,60000000,102678571,71.1,17,21
چیتگر,22972973,36918605,60.7,1545,1971
